{"mel_mean": -4.513371467590332, "mel_std": 1.6552149057388306}